,Season,Player,Market_Value
0,2016,Claudio Bravo,10.20
1,2016,Willy Caballero,1.70
2,2016,Angus Gunn,213
3,2016,John Stones,29.75
4,2016,Nicolás Otamendi,25.50
5,2016,Vincent Kompany,21.25
6,2016,Aleksandar Kolarov,9.35
7,2016,Gaël Clichy,6.80
8,2016,Pablo Zabaleta,6.80
9,2016,Bacary Sagna,4.25
10,2016,Fernando,11.05
11,2016,Aleix García,
12,2016,Ilkay Gündogan,25.50
13,2016,Fernandinho,21.25
14,2016,Yaya Touré,8.50
15,2016,Fabian Delph,6.80
16,2016,Kevin De Bruyne,55.25
17,2016,David Silva,25.50
18,2016,Raheem Sterling,38.25
19,2016,Leroy Sané,25.50
20,2016,Nolito,15.30
21,2016,Jesús Navas,12.75
22,2016,Sergio Agüero,55.25
23,2016,Gabriel Jesus,21.25
24,2016,Kelechi Iheanacho,8.50
25,2015,Joe Hart,13.60
26,2015,Willy Caballero,4.25
27,2015,Richard Wright,213
28,2015,Vincent Kompany,28.05
29,2015,Eliaquim Mangala,25.50
30,2015,Nicolás Otamendi,15.30
31,2015,Martín Demichelis,1.70
32,2015,Jason Denayer,425
33,2015,Tosin Adarabioyo,
34,2015,Cameron Humphreys,
35,2015,Aleksandar Kolarov,9.35
36,2015,Gaël Clichy,8.50
37,2015,Angeliño,
38,2015,Pablo Zabaleta,15.30
39,2015,Bacary Sagna,5.95
40,2015,James Horsfield,
41,2015,Pablo Maffeo,
42,2015,Fernando,13.60
43,2015,Luke Brattan,340
44,2015,George Evans,
45,2015,George Glendon,
46,2015,Aleix García,
47,2015,Fernandinho,23.80
48,2015,Yaya Touré,23.80
49,2015,Fabian Delph,6.80
50,2015,David Silva,32.30
51,2015,Kevin De Bruyne,29.75
52,2015,Samir Nasri,17.85
53,2015,Bersant Celina,
54,2015,Manu García,
55,2015,Raheem Sterling,25.50
56,2015,Brandon Barker,
57,2015,Jesús Navas,17.00
58,2015,Patrick Roberts,2.13
59,2015,Sergio Agüero,42.50
60,2015,Wilfried Bony,21.25
61,2015,Kelechi Iheanacho,85
62,2015,David Faupala,
63,2014,Joe Hart,13.60
64,2014,Willy Caballero,4.25
65,2014,Richard Wright,213
66,2014,Vincent Kompany,29.75
67,2014,Eliaquim Mangala,19.55
68,2014,Matija Nastasic,17.85
69,2014,Micah Richards,10.20
70,2014,Karim Rekik,2.13
71,2014,Martín Demichelis,2.13
72,2014,Dedryck Boyata,1.49
73,2014,Jason Denayer,
74,2014,Gaël Clichy,11.05
75,2014,Aleksandar Kolarov,10.20
76,2014,Angeliño,
77,2014,Pablo Zabaleta,16.15
78,2014,Bacary Sagna,10.20
79,2014,Fernando,14.88
80,2014,George Glendon,
81,2014,Fernandinho,27.20
82,2014,Yaya Touré,25.50
83,2014,James Milner,12.75
84,2014,Bruno Zuculini,3.40
85,2014,Frank Lampard,1.70
86,2014,David Silva,34.00
87,2014,Samir Nasri,18.70
88,2014,Sinan Bytyqi,
89,2014,Bersant Celina,
90,2014,Scott Sinclair,5.10
91,2014,Jesús Navas,17.00
92,2014,Sergio Agüero,38.25
93,2014,Stevan Jovetic,22.10
94,2014,Edin Dzeko,20.40
95,2014,Wilfried Bony,12.75
96,2014,John Guidetti,3.83
97,2014,José Pozo,
98,2014,Thierry Ambrose,
99,2013,Joe Hart,20.40
100,2013,Costel Pantilimon,2.55
101,2013,Richard Wright,213
102,2013,Vincent Kompany,29.75
103,2013,Matija Nastasic,14.45
104,2013,Micah Richards,13.60
105,2013,Joleon Lescott,9.78
106,2013,Martín Demichelis,2.55
107,2013,Karim Rekik,1.70
108,2013,Dedryck Boyata,1.49
109,2013,Gaël Clichy,12.75
110,2013,Aleksandar Kolarov,10.63
111,2013,Pablo Zabaleta,13.60
112,2013,Javi García,14.45
113,2013,Jack Rodwell,12.75
114,2013,Emyr Huws,
115,2013,Yaya Touré,30.60
116,2013,Fernandinho,27.20
117,2013,James Milner,14.45
118,2013,David Silva,37.40
119,2013,Samir Nasri,17.85
120,2013,Rony Lopes,
121,2013,Jesús Navas,17.00
122,2013,Sergio Agüero,38.25
123,2013,Stevan Jovetic,23.80
124,2013,Edin Dzeko,22.95
125,2013,Álvaro Negredo,17.00
126,2013,John Guidetti,5.95
127,2012,Joe Hart,19.98
128,2012,Costel Pantilimon,2.98
129,2012,Richard Wright,213
130,2012,Eirik Johansen,
131,2012,Vincent Kompany,29.75
132,2012,Micah Richards,15.73
133,2012,Joleon Lescott,12.75
134,2012,Stefan Savic,6.80
135,2012,Kolo Touré,6.80
136,2012,Matija Nastasic,4.68
137,2012,Dedryck Boyata,1.70
138,2012,Karim Rekik,
139,2012,Courtney Meppen-Walter,
140,2012,Gaël Clichy,12.75
141,2012,Aleksandar Kolarov,11.90
142,2012,Wayne Bridge,1.70
143,2012,Maicon,12.33
144,2012,Pablo Zabaleta,12.33
145,2012,Jack Rodwell,12.75
146,2012,Nigel de Jong,11.05
147,2012,Javi García,8.93
148,2012,Gareth Barry,8.50
149,2012,George Evans,
150,2012,Yaya Touré,31.03
151,2012,James Milner,17.85
152,2012,Abdisalam Ibrahim,340
153,2012,Denis Suárez,
154,2012,Abdul Razak,
155,2012,Jérémy Hélan,
156,2012,David Silva,42.50
157,2012,Samir Nasri,21.25
158,2012,Rony Lopes,
159,2012,Scott Sinclair,6.80
160,2012,Adam Johnson,8.93
161,2012,Carlos Tévez,19.13
162,2012,Luca Scapuzzi,85
163,2012,Sergio Agüero,43.35
164,2012,Mario Balotelli,27.20
165,2012,Edin Dzeko,24.65
166,2012,John Guidetti,5.95
167,2012,Alex Nimely,
168,2011,Joe Hart,12.75
169,2011,Costel Pantilimon,2.30
170,2011,Stuart Taylor,850
171,2011,Vincent Kompany,17.00
172,2011,Kolo Touré,16.15
173,2011,Joleon Lescott,11.05
174,2011,Micah Richards,8.50
175,2011,Nedum Onuoha,5.10
176,2011,Stefan Savic,5.10
177,2011,Dedryck Boyata,1.70
178,2011,Karim Rekik,
179,2011,Aleksandar Kolarov,12.75
180,2011,Gaël Clichy,12.75
181,2011,Wayne Bridge,4.25
182,2011,Razak Nuhu,
183,2011,Pablo Zabaleta,10.20
184,2011,Nigel de Jong,17.00
185,2011,Gareth Barry,14.45
186,2011,Owen Hargreaves,4.68
187,2011,Michael Johnson,2.13
188,2011,Yaya Touré,21.25
189,2011,James Milner,17.00
190,2011,David Pizarro,6.80
191,2011,Denis Suárez,
192,2011,Abdul Razak,
193,2011,David Silva,27.20
194,2011,Samir Nasri,21.25
195,2011,Joan Román,
196,2011,Adam Johnson,8.50
197,2011,Shaun Wright-Phillips,6.80
198,2011,Carlos Tévez,32.30
199,2011,Luca Scapuzzi,85
200,2011,Sergio Agüero,30.60
201,2011,Edin Dzeko,25.50
202,2011,Mario Balotelli,22.10
203,2011,Emmanuel Adebayor,14.45
204,2010,Shay Given,8.50
205,2010,Joe Hart,5.95
206,2010,Stuart Taylor,1.28
207,2010,David González,425
208,2010,Kolo Touré,17.00
209,2010,Jérôme Boateng,12.75
210,2010,Joleon Lescott,12.75
211,2010,Micah Richards,10.20
212,2010,Vincent Kompany,10.20
213,2010,Nedum Onuoha,3.83
214,2010,Dedryck Boyata,425
215,2010,Ben Mee,43
216,2010,Aleksandar Kolarov,7.65
217,2010,Wayne Bridge,5.95
218,2010,Ryan McGivern,85
219,2010,Greg Cunningham,43
220,2010,Pablo Zabaleta,7.65
221,2010,Shay Logan,255
222,2010,Javan Vidal,85
223,2010,Frédéric Veseli,64
224,2010,Chris Chantler,43
225,2010,Reece Wabara,43
226,2010,Omar Elabdellaoui,
227,2010,Gareth Barry,15.30
228,2010,Nigel de Jong,11.90
229,2010,Patrick Vieira,6.38
230,2010,Michael Johnson,3.83
231,2010,Yaya Touré,15.30
232,2010,James Milner,14.45
233,2010,Abdisalam Ibrahim,85
234,2010,Scott Kay,43
235,2010,Abdul Razak,
236,2010,David Silva,27.20
237,2010,Craig Bellamy,11.05
238,2010,Vladimír Weiss,1.28
239,2010,Shaun Wright-Phillips,12.75
240,2010,Adam Johnson,3.83
241,2010,Carlos Tévez,25.50
242,2010,Edin Dzeko,25.50
243,2010,Emmanuel Adebayor,19.55
244,2010,Mario Balotelli,12.75
245,2010,Roque Santa Cruz,6.80
246,2010,Jô,6.38
247,2010,Alex Nimely,43
248,2010,John Guidetti,43
249,2016,David de Gea,34.00
250,2016,Sergio Romero,4.25
251,2016,Eric Bailly,21.25
252,2016,Chris Smalling,17.00
253,2016,Marcos Rojo,16.15
254,2016,Phil Jones,11.90
255,2016,Daley Blind,18.70
256,2016,Luke Shaw,17.00
257,2016,Cameron Borthwick-Jackson,2.55
258,2016,Matteo Darmian,10.20
259,2016,Antonio Valencia,6.80
260,2016,Michael Carrick,1.70
261,2016,Timothy Fosu-Mensah,850
262,2016,Paul Pogba,68.00
263,2016,Ander Herrera,23.80
264,2016,Marouane Fellaini,10.20
265,2016,Ashley Young,5.95
266,2016,Henrikh Mkhitaryan,31.45
267,2016,Juan Mata,26.35
268,2016,Jesse Lingard,7.65
269,2016,Wayne Rooney,17.00
270,2016,Anthony Martial,25.50
271,2016,Zlatan Ibrahimovic,10.20
272,2016,Marcus Rashford,8.50
273,2016,James Wilson,1.70
274,2015,David de Gea,21.25
275,2015,Sergio Romero,4.68
276,2015,Víctor Valdés,4.25
277,2015,Sam Johnstone,213
278,2015,Joel Pereira,
279,2015,Dean Henderson,
280,2015,Marcos Rojo,13.60
281,2015,Phil Jones,11.90
282,2015,Chris Smalling,9.35
283,2015,Paddy McNair,1.28
284,2015,Ro-Shaun Williams,
285,2015,Regan Poole,
286,2015,Axel Tuanzebe,
287,2015,Luke Shaw,17.85
288,2015,Daley Blind,12.75
289,2015,Tyler Blackett,850
290,2015,Joe Riley,
291,2015,Cameron Borthwick-Jackson,
292,2015,Antonio Valencia,8.50
293,2015,Matteo Darmian,6.80
294,2015,Guillermo Varela,
295,2015,Donald Love,
296,2015,Morgan Schneiderlin,21.25
297,2015,Michael Carrick,4.25
298,2015,Timothy Fosu-Mensah,
299,2015,Bastian Schweinsteiger,23.80
300,2015,Ander Herrera,21.25
301,2015,Marouane Fellaini,13.60
302,2015,Joe Rothwell,85
303,2015,Sean Goss,
304,2015,Ashley Young,7.65
305,2015,James Weir,
306,2015,Juan Mata,28.90
307,2015,Andreas Pereira,425
308,2015,Memphis Depay,17.00
309,2015,Jesse Lingard,850
310,2015,Adnan Januzaj,8.50
311,2015,Wayne Rooney,38.25
312,2015,Nick Powell,2.13
313,2015,Chicharito,8.50
314,2015,Anthony Martial,6.80
315,2015,James Wilson,1.28
316,2015,Will Keane,255
317,2015,Marcus Rashford,
318,2014,David de Gea,14.45
319,2014,Víctor Valdés,10.20
320,2014,Anders Lindegaard,2.13
321,2014,Ben Amos,850
322,2014,Sam Johnstone,213
323,2014,Phil Jones,15.30
324,2014,Jonny Evans,11.05
325,2014,Chris Smalling,10.20
326,2014,Marcos Rojo,4.68
327,2014,Michael Keane,425
328,2014,Tom Thorpe,170
329,2014,Paddy McNair,
330,2014,Luke Shaw,11.05
331,2014,Daley Blind,5.10
332,2014,Reece James,
333,2014,Tyler Blackett,
334,2014,Antonio Valencia,13.60
335,2014,Rafael,12.75
336,2014,Marnick Vermijl,553
337,2014,Saidy Janko,
338,2014,Michael Carrick,7.23
339,2014,Marouane Fellaini,19.55
340,2014,Ander Herrera,17.00
341,2014,Tom Cleverley,11.90
342,2014,Anderson,4.25
343,2014,Darren Fletcher,3.40
344,2014,Ashley Young,11.90
345,2014,Juan Mata,34.00
346,2014,Shinji Kagawa,14.45
347,2014,Andreas Pereira,
348,2014,Nani,13.60
349,2014,Jesse Lingard,850
350,2014,Ángel Di María,25.50
351,2014,Wilfried Zaha,6.80
352,2014,Adnan Januzaj,5.10
353,2014,Wayne Rooney,38.25
354,2014,Nick Powell,4.25
355,2014,Falcao,51.00
356,2014,Robin van Persie,34.00
357,2014,Danny Welbeck,14.45
358,2014,Chicharito,13.60
359,2014,Will Keane,255
360,2014,James Wilson,
361,2013,David de Gea,14.45
362,2013,Anders Lindegaard,5.53
363,2013,Ben Amos,638
364,2013,Sam Johnstone,
365,2013,Nemanja Vidic‎,17.85
366,2013,Phil Jones,14.45
367,2013,Chris Smalling,11.90
368,2013,Jonny Evans,11.05
369,2013,Rio Ferdinand,2.98
370,2013,Michael Keane,
371,2013,Patrice Evra,11.05
372,2013,Fábio,5.95
373,2013,Alexander Büttner,4.25
374,2013,Antonio Valencia,20.40
375,2013,Rafael,12.33
376,2013,Michael Carrick,9.35
377,2013,Marouane Fellaini,23.80
378,2013,Tom Cleverley,10.63
379,2013,Anderson,10.20
380,2013,Darren Fletcher,6.38
381,2013,Ashley Young,21.25
382,2013,Ryan Giggs,850
383,2013,Juan Mata,35.70
384,2013,Shinji Kagawa,17.85
385,2013,Nani,22.95
386,2013,Bebé,850
387,2013,Jesse Lingard,
388,2013,Wilfried Zaha,10.20
389,2013,Adnan Januzaj,
390,2013,Wayne Rooney,55.25
391,2013,Tom Lawrence,
392,2013,Robin van Persie,38.25
393,2013,Chicharito,18.70
394,2013,Danny Welbeck,14.45
395,2013,Ángelo Henríquez,3.40
396,2013,Federico Macheda,2.13
397,2013,James Wilson,
398,2012,David de Gea,14.88
399,2012,Anders Lindegaard,4.25
400,2012,Ben Amos,638
401,2012,Sam Johnstone,
402,2012,Nemanja Vidic‎,21.68
403,2012,Phil Jones,15.30
404,2012,Chris Smalling,12.75
405,2012,Jonny Evans,8.08
406,2012,Rio Ferdinand,5.10
407,2012,Michael Keane,85
408,2012,Scott Wootton,
409,2012,Patrice Evra,13.18
410,2012,Fábio,6.38
411,2012,Alexander Büttner,1.49
412,2012,Antonio Valencia,23.38
413,2012,Rafael,7.65
414,2012,Marnick Vermijl,
415,2012,Michael Carrick,11.90
416,2012,Anderson,10.20
417,2012,Darren Fletcher,8.50
418,2012,Tom Cleverley,7.23
419,2012,Paul Scholes,850
420,2012,Ryan Tunnicliffe,
421,2012,Larnell Cole,
422,2012,Ashley Young,22.95
423,2012,Ryan Giggs,850
424,2012,Robbie Brady,
425,2012,Shinji Kagawa,18.70
426,2012,Nani,31.03
427,2012,Jesse Lingard,
428,2012,Wilfried Zaha,2.98
429,2012,Adnan Januzaj,
430,2012,Wayne Rooney,55.25
431,2012,Nick Powell,213
432,2012,Joshua King,
433,2012,Robin van Persie,40.38
434,2012,Chicharito,15.30
435,2012,Danny Welbeck,14.45
436,2012,Dimitar Berbatov,9.78
437,2012,Federico Macheda,2.13
438,2012,Ángelo Henríquez,128
439,2011,David de Gea,10.20
440,2011,Anders Lindegaard,2.72
441,2011,Tomasz Kuszczak,2.55
442,2011,Ben Amos,
443,2011,Nemanja Vidic‎,31.45
444,2011,Rio Ferdinand,17.00
445,2011,Jonny Evans,7.65
446,2011,Chris Smalling,4.25
447,2011,Phil Jones,2.98
448,2011,Reece Brown,
449,2011,Tom Thorpe,
450,2011,Michael Keane,
451,2011,Patrice Evra,22.95
452,2011,Fábio,2.98
453,2011,Zeki Fryers,
454,2011,Antonio Valencia,16.15
455,2011,Rafael,8.50
456,2011,Ritchie De Laet,1.06
457,2011,Marnick Vermijl,
458,2011,Michael Carrick,15.30
459,2011,Darren Fletcher,18.70
460,2011,Anderson,17.85
461,2011,Paul Scholes,3.83
462,2011,Darron Gibson,2.98
463,2011,Tom Cleverley,2.13
464,2011,Paul Pogba,
465,2011,Larnell Cole,
466,2011,Ashley Young,15.30
467,2011,Ryan Giggs,3.83
468,2011,Ji-Sung Park,10.20
469,2011,Ravel Morrison,
470,2011,Nani,23.80
471,2011,Jesse Lingard,
472,2011,Wayne Rooney,44.20
473,2011,Dimitar Berbatov,23.80
474,2011,Chicharito,9.35
475,2011,Michael Owen,5.95
476,2011,Danny Welbeck,5.10
477,2011,Mame Diouf,3.40
478,2011,Federico Macheda,2.38
479,2011,Will Keane,
480,2010,Edwin van der Sar,3.83
481,2010,Tomasz Kuszczak,3.40
482,2010,Anders Lindegaard,680
483,2010,Ben Amos,85
484,2010,Nemanja Vidic‎,29.75
485,2010,Rio Ferdinand,26.35
486,2010,Jonny Evans,7.23
487,2010,Wes Brown,6.80
488,2010,John O'Shea,5.95
489,2010,Chris Smalling,1.70
490,2010,Oliver Gill,43
491,2010,Patrice Evra,22.95
492,2010,Fábio,1.70
493,2010,Antonio Valencia,14.88
494,2010,Rafael,3.83
495,2010,Gary Neville,2.55
496,2010,Ritchie De Laet,1.06
497,2010,Michael Carrick,22.10
498,2010,Owen Hargreaves,10.20
499,2010,Anderson,17.85
500,2010,Darren Fletcher,15.30
501,2010,Paul Scholes,5.10
502,2010,Darron Gibson,2.13
503,2010,Tom Cleverley,638
504,2010,Corry Evans,510
505,2010,Magnus Wolff Eikrem,
506,2010,Paul Pogba,
507,2010,Ryan Tunnicliffe,
508,2010,Ryan Giggs,6.38
509,2010,Robbie Brady,
510,2010,Ji-Sung Park,9.78
511,2010,Ravel Morrison,
512,2010,Nani,10.63
513,2010,Bebé,
514,2010,Gabriel Obertan,2.98
515,2010,Wayne Rooney,45.05
516,2010,Joshua King,85
517,2010,Dimitar Berbatov,24.65
518,2010,Michael Owen,9.35
519,2010,Chicharito,5.10
520,2010,Mame Diouf,2.55
521,2010,Danny Welbeck,2.13
522,2010,Federico Macheda,1.28
523,2016,Petr Cech,8.50
524,2016,David Ospina,5.95
525,2016,Emiliano Martínez,850
526,2016,Matt Macey,425
527,2016,Shkodran Mustafi,25.50
528,2016,Laurent Koscielny,18.70
529,2016,Gabriel Paulista,10.20
530,2016,Per Mertesacker,6.80
531,2016,Rob Holding,2.13
532,2016,Nacho Monreal,12.75
533,2016,Kieran Gibbs,8.50
534,2016,Héctor Bellerín,21.25
535,2016,Carl Jenkinson,5.10
536,2016,Mathieu Debuchy,4.25
537,2016,Granit Xhaka,29.75
538,2016,Francis Coquelin,12.75
539,2016,Mohamed Elneny,7.23
540,2016,Aaron Ramsey,29.75
541,2016,Santi Cazorla,15.30
542,2016,Alex Oxlade-Chamberlain,17.00
543,2016,Mesut Özil,42.50
544,2016,Alexis Sánchez,55.25
545,2016,Alex Iwobi,8.50
546,2016,Theo Walcott,18.70
547,2016,Olivier Giroud,21.25
548,2016,Lucas Pérez,14.45
549,2016,Danny Welbeck,14.45
550,2016,Yaya Sanogo,850
551,2015,Petr Cech,10.20
552,2015,David Ospina,5.95
553,2015,Emiliano Martínez,850
554,2015,Matt Macey,
555,2015,Per Mertesacker,16.15
556,2015,Laurent Koscielny,16.15
557,2015,Gabriel Paulista,10.20
558,2015,Krystian Bielik,1.28
559,2015,Kieran Gibbs,11.90
560,2015,Nacho Monreal,8.50
561,2015,Mathieu Debuchy,11.05
562,2015,Calum Chambers,10.20
563,2015,Carl Jenkinson,5.95
564,2015,Héctor Bellerín,1.28
565,2015,Mathieu Flamini,5.10
566,2015,Francis Coquelin,3.83
567,2015,Mohamed Elneny,3.19
568,2015,Glen Kamara,
569,2015,Ben Sheaf,
570,2015,Isaac Hayden,
571,2015,Santi Cazorla,22.10
572,2015,Jack Wilshere,21.25
573,2015,Aaron Ramsey,21.25
574,2015,Mikel Arteta,3.40
575,2015,Ismaël Bennacer,85
576,2015,Jeff Reine-Adelaide,
577,2015,Alex Oxlade-Chamberlain,15.30
578,2015,Serge Gnabry,3.40
579,2015,Mesut Özil,34.00
580,2015,Tomás Rosicky,1.70
581,2015,Jon Toral,213
582,2015,Alexis Sánchez,38.25
583,2015,Joel Campbell,5.10
584,2015,Chris Willock,
585,2015,Alex Iwobi,
586,2015,Theo Walcott,23.80
587,2015,Wellington Silva,1.28
588,2015,Olivier Giroud,17.00
589,2015,Danny Welbeck,15.30
590,2015,Yaya Sanogo,1.28
591,2015,Chuba Akpom,850
592,2014,Wojciech Szczesny,12.75
593,2014,David Ospina,4.25
594,2014,Emiliano Martínez,255
595,2014,Matt Macey,
596,2014,Ryan Huddart,
597,2014,Per Mertesacker,15.30
598,2014,Laurent Koscielny,15.30
599,2014,Gabriel Paulista,1.28
600,2014,Ignasi Miquel,340
601,2014,Semi Ajayi,
602,2014,Stefan O'Connor,
603,2014,Kieran Gibbs,11.05
604,2014,Nacho Monreal,9.35
605,2014,Mathieu Debuchy,8.50
606,2014,Carl Jenkinson,5.10
607,2014,Calum Chambers,1.70
608,2014,Héctor Bellerín,425
609,2014,Mathieu Flamini,7.65
610,2014,Francis Coquelin,2.55
611,2014,Isaac Hayden,
612,2014,Glen Kamara,
613,2014,Jack Wilshere,28.05
614,2014,Santi Cazorla,25.50
615,2014,Aaron Ramsey,17.00
616,2014,Mikel Arteta,6.80
617,2014,Abou Diaby,1.70
618,2014,Gedion Zelalem,
619,2014,Alex Oxlade-Chamberlain,14.45
620,2014,Ainsley Maitland-Niles,
621,2014,Serge Gnabry,3.40
622,2014,Mesut Özil,42.50
623,2014,Tomás Rosicky,1.70
624,2014,Alexis Sánchez,25.50
625,2014,Joel Campbell,4.25
626,2014,Alex Iwobi,
627,2014,Theo Walcott,23.80
628,2014,Wellington Silva,340
629,2014,Lukas Podolski,19.55
630,2014,Olivier Giroud,17.00
631,2014,Danny Welbeck,14.45
632,2014,Yaya Sanogo,1.70
633,2014,Chuba Akpom,213
634,2013,Wojciech Szczesny,12.75
635,2013,Emiliano Viviano,5.95
636,2013,Lukasz Fabianski,1.28
637,2013,Thomas Vermaelen,15.30
638,2013,Per Mertesacker,13.60
639,2013,Laurent Koscielny,12.75
640,2013,Johan Djourou,4.25
641,2013,Nacho Monreal,8.50
642,2013,Kieran Gibbs,6.80
643,2013,Bacary Sagna,12.33
644,2013,Carl Jenkinson,3.83
645,2013,Héctor Bellerín,255
646,2013,Mathieu Flamini,4.25
647,2013,Francis Coquelin,3.40
648,2013,Kim Källström,3.40
649,2013,Emmanuel Frimpong,1.28
650,2013,Isaac Hayden,
651,2013,Nico Yennaris,
652,2013,Jack Wilshere,23.80
653,2013,Santi Cazorla,21.25
654,2013,Mikel Arteta,9.35
655,2013,Aaron Ramsey,8.50
656,2013,Abou Diaby,3.40
657,2013,Kristoffer Olsson,
658,2013,Gedion Zelalem,
659,2013,Alex Oxlade-Chamberlain,12.75
660,2013,Serge Gnabry,
661,2013,Mesut Özil,34.00
662,2013,Tomás Rosicky,1.70
663,2013,Thomas Eisfeld,
664,2013,Joel Campbell,2.13
665,2013,Ryo Miyaichi,2.13
666,2013,Alex Iwobi,
667,2013,Theo Walcott,21.25
668,2013,Wellington Silva,340
669,2013,Lukas Podolski,19.55
670,2013,Olivier Giroud,12.75
671,2013,Nicklas Bendtner,4.68
672,2013,Chu-Young Park,1.70
673,2013,Yaya Sanogo,850
674,2013,Chuba Akpom,
675,2012,Wojciech Szczesny,11.90
676,2012,Lukasz Fabianski,2.13
677,2012,Vito Mannone,638
678,2012,James Shea,
679,2012,Emiliano Martínez,
680,2012,Thomas Vermaelen,15.73
681,2012,Laurent Koscielny,15.30
682,2012,Per Mertesacker,11.90
683,2012,Johan Djourou,5.10
684,2012,Sébastien Squillaci,1.28
685,2012,Ignasi Miquel,
686,2012,Martin Angha,
687,2012,Sead Hajrovic,
688,2012,Elton Monteiro,
689,2012,Nacho Monreal,5.10
690,2012,Kieran Gibbs,4.25
691,2012,Jernade Meade,
692,2012,Bacary Sagna,16.15
693,2012,Carl Jenkinson,850
694,2012,Héctor Bellerín,
695,2012,Francis Coquelin,2.55
696,2012,Emmanuel Frimpong,1.28
697,2012,Nico Yennaris,
698,2012,Jack Wilshere,18.70
699,2012,Santi Cazorla,17.00
700,2012,Mikel Arteta,12.33
701,2012,Aaron Ramsey,9.78
702,2012,Abou Diaby,4.25
703,2012,Alex Oxlade-Chamberlain,11.48
704,2012,Serge Gnabry,
705,2012,André Santos,6.38
706,2012,Tomás Rosicky,2.98
707,2012,Thomas Eisfeld,
708,2012,Gervinho,11.90
709,2012,Ryo Miyaichi,2.55
710,2012,Theo Walcott,16.15
711,2012,Andrey Arshavin,9.35
712,2012,Lukas Podolski,17.00
713,2012,Olivier Giroud,11.05
714,2012,Marouane Chamakh,4.68
715,2012,Zak Ansah,
716,2012,Chuba Akpom,
717,2011,Lukasz Fabianski,3.40
718,2011,Manuel Almunia,2.55
719,2011,Wojciech Szczesny,1.70
720,2011,Vito Mannone,850
721,2011,Emiliano Martínez,
722,2011,Thomas Vermaelen,15.30
723,2011,Per Mertesacker,10.63
724,2011,Laurent Koscielny,8.50
725,2011,Johan Djourou,5.53
726,2011,Sébastien Squillaci,5.10
727,2011,Daniel Boateng,43
728,2011,Ignasi Miquel,
729,2011,Kieran Gibbs,2.98
730,2011,Armand Traoré,1.28
731,2011,Jernade Meade,
732,2011,Bacary Sagna,14.45
733,2011,Carl Jenkinson,43
734,2011,Alex Song,14.45
735,2011,Francis Coquelin,1.11
736,2011,Craig Eastmond,425
737,2011,Emmanuel Frimpong,170
738,2011,Nico Yennaris,
739,2011,Mikel Arteta,14.45
740,2011,Jack Wilshere,8.50
741,2011,Abou Diaby,7.65
742,2011,Aaron Ramsey,5.10
743,2011,Henri Lansbury,510
744,2011,Oguzhan Özyakup,149
745,2011,Alex Oxlade-Chamberlain,2.13
746,2011,Samir Nasri,21.25
747,2011,Tomás Rosicky,6.38
748,2011,André Santos,5.53
749,2011,Chuks Aneke,43
750,2011,Gervinho,13.60
751,2011,Ryo Miyaichi,1.70
752,2011,Sanchez Watt,425
753,2011,Theo Walcott,11.90
754,2011,Yossi Benayoun,9.35
755,2011,Gilles Sunu,425
756,2011,Andrey Arshavin,17.85
757,2011,Robin van Persie,20.40
758,2011,Marouane Chamakh,14.45
759,2011,Nicklas Bendtner,7.23
760,2011,Chu-Young Park,5.95
761,2011,Thierry Henry,2.55
762,2010,Manuel Almunia,6.38
763,2010,Lukasz Fabianski,2.13
764,2010,Jens Lehmann,1.70
765,2010,Vito Mannone,850
766,2010,Wojciech Szczesny,404
767,2010,James Shea,
768,2010,Thomas Vermaelen,14.45
769,2010,Sébastien Squillaci,6.80
770,2010,Laurent Koscielny,4.25
771,2010,Johan Djourou,3.83
772,2010,Ignasi Miquel,
773,2010,Gaël Clichy,12.75
774,2010,Kieran Gibbs,2.55
775,2010,Bacary Sagna,12.33
776,2010,Emmanuel Eboué,5.95
777,2010,Alex Song,11.05
778,2010,Denílson,7.65
779,2010,Havard Nordtveit,850
780,2010,Craig Eastmond,425
781,2010,Cesc Fàbregas,46.75
782,2010,Abou Diaby,6.38
783,2010,Aaron Ramsey,5.10
784,2010,Jack Wilshere,2.55
785,2010,Henri Lansbury,510
786,2010,Conor Henderson,
787,2010,Samir Nasri,15.30
788,2010,Tomás Rosicky,9.35
789,2010,Theo Walcott,11.05
790,2010,Carlos Vela,4.25
791,2010,Andrey Arshavin,22.10
792,2010,Robin van Persie,21.25
793,2010,Marouane Chamakh,12.75
794,2010,Nicklas Bendtner,6.80
795,2010,Jay Emmanuel-Thomas,255
796,2016,Hugo Lloris,20.40
797,2016,Michel Vorm,4.25
798,2016,Pau López,1.28
799,2016,Toby Alderweireld,25.50
800,2016,Jan Vertonghen,21.25
801,2016,Kevin Wimmer,5.95
802,2016,Cameron Carter-Vickers,425
803,2016,Danny Rose,17.00
804,2016,Ben Davies,7.65
805,2016,Kyle Walker,17.00
806,2016,Kieran Trippier,5.10
807,2016,Eric Dier,18.70
808,2016,Victor Wanyama,15.30
809,2016,Dele Alli,34.00
810,2016,Moussa Sissoko,17.00
811,2016,Mousa Dembélé,15.30
812,2016,Harry Winks,2.55
813,2016,Christian Eriksen,29.75
814,2016,Josh Onomah,1.70
815,2016,Heung-Min Son,21.25
816,2016,Georges-Kevin N'Koudou,6.80
817,2016,Érik Lamela,22.10
818,2016,Harry Kane,42.50
819,2016,Vincent Janssen,11.90
820,2015,Hugo Lloris,17.00
821,2015,Michel Vorm,4.25
822,2015,Luke McGee,
823,2015,Jan Vertonghen,16.15
824,2015,Toby Alderweireld,9.35
825,2015,Federico Fazio,6.80
826,2015,Kevin Wimmer,5.10
827,2015,Cameron Carter-Vickers,
828,2015,Danny Rose,7.65
829,2015,Ben Davies,7.65
830,2015,Kyle Walker,14.45
831,2015,Kieran Trippier,2.98
832,2015,DeAndre Yedlin,1.28
833,2015,Kyle Walker-Peters,
834,2015,Eric Dier,5.95
835,2015,Mousa Dembélé,12.75
836,2015,Nabil Bentaleb,5.10
837,2015,Dele Alli,4.25
838,2015,Ryan Mason,3.83
839,2015,Tom Carroll,2.55
840,2015,Harry Winks,
841,2015,Grant Ward,213
842,2015,Christian Eriksen,22.95
843,2015,Alex Pritchard,850
844,2015,Josh Onomah,
845,2015,Heung-Min Son,13.60
846,2015,Nacer Chadli,8.50
847,2015,Clinton N'Jie,4.25
848,2015,Érik Lamela,18.70
849,2015,Andros Townsend,6.80
850,2015,Harry Kane,12.75
851,2014,Hugo Lloris,13.60
852,2014,Michel Vorm,5.95
853,2014,Brad Friedel,850
854,2014,Jordan Archer,
855,2014,Luke McGee,
856,2014,Jan Vertonghen,18.70
857,2014,Vlad Chiriches,9.35
858,2014,Michael Dawson,6.80
859,2014,Younès Kaboul,6.80
860,2014,Federico Fazio,5.10
861,2014,Bongani Khumalo,680
862,2014,Grant Hall,
863,2014,Dominic Ball,
864,2014,Milos Veljkovic,
865,2014,Danny Rose,5.10
866,2014,Ben Davies,4.68
867,2014,Kyle Walker,16.15
868,2014,Kyle Naughton,3.40
869,2014,DeAndre Yedlin,213
870,2014,Sandro,11.90
871,2014,Étienne Capoue,7.65
872,2014,Eric Dier,3.83
873,2014,Benjamin Stambouli,2.98
874,2014,Mousa Dembélé,17.00
875,2014,Paulinho,13.60
876,2014,Tom Carroll,1.70
877,2014,Dele Alli,425
878,2014,Nabil Bentaleb,425
879,2014,Ryan Mason,213
880,2014,Harry Winks,
881,2014,Christian Eriksen,15.30
882,2014,Lewis Holtby,6.38
883,2014,Alex Pritchard,128
884,2014,Josh Onomah,
885,2014,Nacer Chadli,6.80
886,2014,Cristian Ceballos,255
887,2014,Érik Lamela,20.40
888,2014,Aaron Lennon,12.75
889,2014,Andros Townsend,5.95
890,2014,Roberto Soldado,21.25
891,2014,Emmanuel Adebayor,6.80
892,2014,Harry Kane,425
893,2013,Hugo Lloris,12.75
894,2013,Heurelho Gomes,850
895,2013,Brad Friedel,850
896,2013,Jordan Archer,
897,2013,Jan Vertonghen,16.15
898,2013,Younès Kaboul,11.48
899,2013,Michael Dawson,7.65
900,2013,Vlad Chiriches,5.10
901,2013,Milos Veljkovic,
902,2013,Dominic Ball,
903,2013,Danny Rose,4.25
904,2013,Zeki Fryers,2.98
905,2013,Connor Ogilvie,
906,2013,Kyle Walker,13.60
907,2013,Kyle Naughton,4.25
908,2013,Ryan Fredericks,
909,2013,Sandro,13.60
910,2013,Étienne Capoue,11.05
911,2013,Mousa Dembélé,17.85
912,2013,Paulinho,10.20
913,2013,Tom Carroll,850
914,2013,Laste Dombaxe,
915,2013,Harry Winks,
916,2013,Nabil Bentaleb,
917,2013,Christian Eriksen,15.30
918,2013,Lewis Holtby,9.35
919,2013,Gylfi Sigurdsson,6.80
920,2013,Alex Pritchard,
921,2013,Josh Onomah,
922,2013,Nacer Chadli,7.65
923,2013,Érik Lamela,19.55
924,2013,Aaron Lennon,13.60
925,2013,Iago Falque,1.70
926,2013,Andros Townsend,425
927,2013,Kenny McEvoy,
928,2013,Roberto Soldado,23.80
929,2013,Emmanuel Adebayor,11.05
930,2013,Jermain Defoe,8.50
931,2013,Harry Kane,425
932,2013,Jonathan Obika,
933,2013,Shaq Coulthirst,
934,2012,Hugo Lloris,16.15
935,2012,Heurelho Gomes,1.70
936,2012,Brad Friedel,850
937,2012,Carlo Cudicini,425
938,2012,Jordan Archer,
939,2012,Younès Kaboul,12.75
940,2012,Jan Vertonghen,12.75
941,2012,Michael Dawson,9.35
942,2012,Steven Caulker,3.40
943,2012,William Gallas,2.13
944,2012,Benoît Assou-Ekotto,11.05
945,2012,Danny Rose,2.55
946,2012,Zeki Fryers,
947,2012,Kyle Walker,13.60
948,2012,Kyle Naughton,3.40
949,2012,Adam Smith,255
950,2012,Sandro,9.78
951,2012,Tom Huddlestone,5.10
952,2012,Jake Livermore,2.55
953,2012,Kevin Stewart,
954,2012,Mousa Dembélé,11.05
955,2012,Scott Parker,9.35
956,2012,Jermaine Jenas,5.53
957,2012,Ryan Mason,85
958,2012,Dean Parrett,
959,2012,Tom Carroll,
960,2012,David Bentley,3.83
961,2012,Rafael van der Vaart,20.83
962,2012,Gylfi Sigurdsson,7.23
963,2012,Lewis Holtby,6.80
964,2012,Cristian Ceballos,
965,2012,Gareth Bale,34.00
966,2012,Aaron Lennon,13.60
967,2012,Iago Falque,1.70
968,2012,Andros Townsend,425
969,2012,Clint Dempsey,12.75
970,2012,Emmanuel Adebayor,21.25
971,2012,Jermain Defoe,8.50
972,2012,Jonathan Obika,106
973,2012,Harry Kane,
974,2012,Shaq Coulthirst,
975,2011,Heurelho Gomes,8.50
976,2011,Brad Friedel,2.55
977,2011,Carlo Cudicini,850
978,2011,Vedran Corluka,10.20
979,2011,Michael Dawson,9.35
980,2011,Younès Kaboul,6.38
981,2011,William Gallas,6.38
982,2011,Sébastien Bassong,6.38
983,2011,Ledley King,5.10
984,2011,Ryan Nelsen,2.55
985,2011,Bongani Khumalo,850
986,2011,Steven Caulker,43
987,2011,Benoît Assou-Ekotto,7.23
988,2011,Danny Rose,425
989,2011,Kyle Naughton,1.70
990,2011,Kyle Walker,1.70
991,2011,Adam Smith,255
992,2011,Ryan Fredericks,
993,2011,Jack Barthram,
994,2011,Tom Huddlestone,10.20
995,2011,Sandro,6.80
996,2011,Jake Livermore,255
997,2011,Jake Nicholson,
998,2011,Kevin Stewart,
999,2011,Luka Modric,23.80
1000,2011,Scott Parker,11.05
1001,2011,Jermaine Jenas,7.23
1002,2011,John Bostock,255
1003,2011,Dean Parrett,43
1004,2011,Massimo Luongo,
1005,2011,Tom Carroll,
1006,2011,David Bentley,5.95
1007,2011,Rafael van der Vaart,17.00
1008,2011,Niko Kranjcar,8.50
1009,2011,Alex Pritchard,
1010,2011,Steven Pienaar,9.35
1011,2011,Simon Dawkins,85
1012,2011,Cristian Ceballos,
1013,2011,Gareth Bale,21.25
1014,2011,Aaron Lennon,17.85
1015,2011,Iago Falque,1.70
1016,2011,Andros Townsend,425
1017,2011,Giovani dos Santos,4.25
1018,2011,Jermain Defoe,15.30
1019,2011,Emmanuel Adebayor,14.45
1020,2011,Peter Crouch,10.20
1021,2011,Roman Pavlyuchenko,7.65
1022,2011,Louis Saha,4.68
1023,2011,Harry Kane,
1024,2011,Cameron Lancaster,
1025,2010,Heurelho Gomes,7.65
1026,2010,Stipe Pletikosa,2.72
1027,2010,Carlo Cudicini,850
1028,2010,Ben Alnwick,638
1029,2010,David Button,106
1030,2010,William Gallas,13.60
1031,2010,Vedran Corluka,12.75
1032,2010,Ledley King,7.65
1033,2010,Sébastien Bassong,7.23
1034,2010,Jonathan Woodgate,7.23
1035,2010,Michael Dawson,6.80
1036,2010,Younès Kaboul,4.68
1037,2010,Bongani Khumalo,553
1038,2010,Steven Caulker,149
1039,2010,Benoît Assou-Ekotto,5.95
1040,2010,Danny Rose,425
1041,2010,Alan Hutton,4.68
1042,2010,Kyle Naughton,2.55
1043,2010,Kyle Walker,2.55
1044,2010,Wilson Palacios,13.60
1045,2010,Tom Huddlestone,8.50
1046,2010,Sandro,7.65
1047,2010,Jake Livermore,255
1048,2010,Luka Modric,16.15
1049,2010,Jermaine Jenas,10.20
1050,2010,John Bostock,255
1051,2010,David Bentley,7.65
1052,2010,Rafael van der Vaart,12.75
1053,2010,Niko Kranjcar,10.20
1054,2010,Steven Pienaar,6.80
1055,2010,Aaron Lennon,17.85
1056,2010,Gareth Bale,5.53
1057,2010,Andros Townsend,
1058,2010,Giovani dos Santos,3.40
1059,2010,Jermain Defoe,14.45
1060,2010,Robbie Keane,10.63
1061,2010,Peter Crouch,10.20
1062,2010,Roman Pavlyuchenko,6.80
1063,2016,Simon Mignolet,8.50
1064,2016,Loris Karius,6.80
1065,2016,Ádám Bogdán,850
1066,2016,Alexander Manninger,170
1067,2016,Joel Matip,17.00
1068,2016,Dejan Lovren,12.75
1069,2016,Ragnar Klavan,3.40
1070,2016,Joe Gomez,2.98
1071,2016,Alberto Moreno,8.50
1072,2016,Nathaniel Clyne,17.85
1073,2016,Connor Randall,425
1074,2016,Trent Alexander-Arnold,425
1075,2016,Emre Can,12.75
1076,2016,Lucas Leiva,6.80
1077,2016,Kevin Stewart,850
1078,2016,Jordan Henderson,23.80
1079,2016,James Milner,12.75
1080,2016,Marko Grujic,4.25
1081,2016,Philippe Coutinho,34.00
1082,2016,Georginio Wijnaldum,21.25
1083,2016,Adam Lallana,18.70
1084,2016,Sheyi Ojo,1.70
1085,2016,Ben Woodburn,425
1086,2016,Sadio Mané,32.30
1087,2016,Roberto Firmino,29.75
1088,2016,Daniel Sturridge,18.70
1089,2016,Divock Origi,10.20
1090,2016,Danny Ings,8.50
1091,2015,Simon Mignolet,10.20
1092,2015,Ádám Bogdán,1.70
1093,2015,Danny Ward,213
1094,2015,Lawrence Vigouroux,
1095,2015,Ryan Fulton,
1096,2015,Mamadou Sakho,15.30
1097,2015,Dejan Lovren,12.75
1098,2015,Martin Skrtel,11.05
1099,2015,Steven Caulker,6.38
1100,2015,Tiago Ilori,3.40
1101,2015,Kolo Touré,2.13
1102,2015,Joe Gomez,425
1103,2015,Dan Cleary,
1104,2015,Conor Masterson,
1105,2015,Alberto Moreno,12.75
1106,2015,José Enrique,4.25
1107,2015,Brad Smith,85
1108,2015,Joe Maguire,
1109,2015,Nathaniel Clyne,10.20
1110,2015,Jon Flanagan,6.80
1111,2015,Andre Wisdom,5.10
1112,2015,Connor Randall,
1113,2015,Lucas Leiva,10.20
1114,2015,Emre Can,10.20
1115,2015,Kevin Stewart,43
1116,2015,Jordan Henderson,19.55
1117,2015,James Milner,11.90
1118,2015,Joe Allen,8.50
1119,2015,Pedro Chirivella,
1120,2015,Jordan Rossiter,
1121,2015,Philippe Coutinho,21.25
1122,2015,Adam Lallana,18.70
1123,2015,João Teixeira,425
1124,2015,Cameron Brannagan,
1125,2015,Sheyi Ojo,425
1126,2015,Ryan Kent,
1127,2015,Jordon Ibe,1.70
1128,2015,Sergi Canós,
1129,2015,Roberto Firmino,21.25
1130,2015,Daniel Sturridge,21.25
1131,2015,Christian Benteke,11.90
1132,2015,Danny Ings,8.50
1133,2015,Divock Origi,7.65
1134,2015,Jerome Sinclair,85
1135,2014,Simon Mignolet,10.20
1136,2014,Brad Jones,1.28
1137,2014,Danny Ward,
1138,2014,Mamadou Sakho,16.15
1139,2014,Martin Skrtel,11.90
1140,2014,Dejan Lovren,10.20
1141,2014,Kolo Touré,3.40
1142,2014,Sebastián Coates,2.13
1143,2014,José Enrique,10.20
1144,2014,Alberto Moreno,8.50
1145,2014,Glen Johnson,10.20
1146,2014,Javier Manquillo,5.10
1147,2014,Andre Wisdom,2.13
1148,2014,Jon Flanagan,850
1149,2014,Lucas Leiva,14.45
1150,2014,Emre Can,6.38
1151,2014,Jordan Williams,
1152,2014,Jordan Henderson,12.75
1153,2014,Joe Allen,11.90
1154,2014,Steven Gerrard,6.38
1155,2014,Jordan Rossiter,
1156,2014,Philippe Coutinho,13.60
1157,2014,Adam Lallana,6.38
1158,2014,Cameron Brannagan,
1159,2014,João Teixeira,
1160,2014,Raheem Sterling,11.05
1161,2014,Fabio Borini,7.23
1162,2014,Sheyi Ojo,
1163,2014,Lazar Markovic,8.50
1164,2014,Suso,4.25
1165,2014,Jordon Ibe,425
1166,2014,Mario Balotelli,25.50
1167,2014,Daniel Sturridge,17.00
1168,2014,Rickie Lambert,4.25
1169,2014,Jerome Sinclair,
1170,2013,Pepe Reina,8.50
1171,2013,Simon Mignolet,4.68
1172,2013,Brad Jones,1.28
1173,2013,Danny Ward,
1174,2013,Daniel Agger,16.15
1175,2013,Mamadou Sakho,12.75
1176,2013,Martin Skrtel,12.75
1177,2013,Kolo Touré,5.10
1178,2013,Sebastián Coates,3.83
1179,2013,Tiago Ilori,1.28
1180,2013,Stephen Sama,
1181,2013,José Enrique,11.90
1182,2013,Aly Cissokho,5.10
1183,2013,Brad Smith,
1184,2013,Glen Johnson,10.20
1185,2013,Martin Kelly,4.25
1186,2013,Andre Wisdom,850
1187,2013,Jon Flanagan,
1188,2013,Lucas Leiva,12.75
1189,2013,Joe Allen,12.75
1190,2013,Steven Gerrard,9.78
1191,2013,Jordan Henderson,8.93
1192,2013,Jordan Rossiter,
1193,2013,Philippe Coutinho,8.50
1194,2013,Luis Alberto,4.25
1195,2013,Krisztián Adorján,
1196,2013,João Teixeira,
1197,2013,Cameron Brannagan,
1198,2013,Fabio Borini,10.20
1199,2013,Raheem Sterling,9.78
1200,2013,Victor Moses,12.75
1201,2013,Suso,2.55
1202,2013,Jordon Ibe,
1203,2013,Luis Suárez,30.60
1204,2013,Daniel Sturridge,12.75
1205,2013,Iago Aspas,7.65
1206,2012,Pepe Reina,13.60
1207,2012,Brad Jones,1.28
1208,2012,Péter Gulácsi,
1209,2012,Danny Ward,
1210,2012,Martin Skrtel,15.30
1211,2012,Daniel Agger,12.75
1212,2012,Sebastián Coates,4.25
1213,2012,Jamie Carragher,1.70
1214,2012,Jamie Carragher,
1215,2011,Pepe Reina,18.70
1216,2011,Brad Jones,1.28
1217,2011,Doni,1.28
1218,2011,Péter Gulácsi,
1219,2011,Daniel Agger,9.35
1220,2011,Martin Skrtel,9.35
1221,2011,Jamie Carragher,8.50
1222,2011,Sebastián Coates,2.13
1223,2011,Danny Wilson,1.28
1224,2011,José Enrique,4.68
1225,2011,Fábio Aurélio,4.25
1226,2011,Jack Robinson,
1227,2011,Glen Johnson,12.75
1228,2011,Martin Kelly,2.13
1229,2011,Jon Flanagan,213
1230,2011,Lucas Leiva,7.23
1231,2011,Jay Spearing,425
1232,2011,Steven Gerrard,30.60
1233,2011,Raul Meireles,11.05
1234,2011,Jordan Henderson,7.23
1235,2011,Charlie Adam,3.83
1236,2011,Jonjo Shelvey,1.70
1237,2011,Stewart Downing,10.20
1238,2011,Maxi Rodríguez,7.65
1239,2011,Craig Bellamy,3.83
1240,2011,Raheem Sterling,
1241,2011,Dirk Kuyt,12.75
1242,2011,Luis Suárez,21.25
1243,2011,Andy Carroll,17.00
1244,2011,David N'Gog,4.25
1245,2011,Nathan Eccleston,
1246,2010,Pepe Reina,17.00
1247,2010,Diego Cavalieri,1.70
1248,2010,Brad Jones,1.28
1249,2010,Martin Hansen,85
1250,2010,Péter Gulácsi,
1251,2010,Javier Mascherano,22.10
1252,2010,Jamie Carragher,14.45
1253,2010,Martin Skrtel,11.48
1254,2010,Daniel Agger,9.78
1255,2010,Sotiris Kyrgiakos,4.25
1256,2010,Danny Wilson,850
1257,2010,Daniel Ayala,638
1258,2010,Fábio Aurélio,7.23
1259,2010,Paul Konchesky,2.98
1260,2010,Jack Robinson,
1261,2010,Glen Johnson,14.45
1262,2010,Stephen Darby,213
1263,2010,Martin Kelly,43
1264,2010,Jon Flanagan,
1265,2010,Andre Wisdom,
1266,2010,Lucas Leiva,5.95
1267,2010,Christian Poulsen,5.53
1268,2010,Jay Spearing,213
1269,2010,Conor Coady,
1270,2010,Steven Gerrard,42.50
1271,2010,Alberto Aquilani,11.90
1272,2010,Raul Meireles,8.93
1273,2010,Jonjo Shelvey,808
1274,2010,Joe Cole,17.85
1275,2010,Maxi Rodríguez,15.30
1276,2010,Milan Jovanovic,7.23
1277,2010,Ryan Babel,5.95
1278,2010,Dani Pacheco,85
1279,2010,Dirk Kuyt,14.45
1280,2010,Tom Ince,
1281,2010,David Amoo,
1282,2010,Fernando Torres,42.50
1283,2010,Luis Suárez,17.00
1284,2010,David N'Gog,3.83
1285,2010,Andy Carroll,2.13
1286,2010,Nathan Eccleston,43
1287,2010,Lauri Dalla Valle,
